<?xml version="1.0" encoding="UTF-8" standalone="no"?>
<!DOCTYPE call_flow SYSTEM "../../../../dtds/Callflow_1-1.dtd">
<call_flow first_element="Dialogflow_app" serial="0000" version="1.1">
<events/>
<element_def name="Submenu Agent Transfer">
<voice class="com.audium.server.voiceElement.internal.CiscoSubdialogReturnElement">
<static>Submenu Agent Transfer.xml</static>
</voice>
<exit_state name="done"/>
</element_def>
<element_def name="Dialogflow_app">
<voice class="com.audium.server.voiceElement.dialogFlow.MDialogFlow">
<static>Dialogflow_app.xml</static>
</voice>
<exit_state name="max_noinput">
<next_element>Submenu Agent Transfer</next_element>
</exit_state>
<exit_state name="done">
<next_element>Decision_checkIntent</next_element>
</exit_state>
<exit_state eventlist="error" name="DialogFlow_Catastrophe" type="VXML Event">
<next_element>Submenu Agent Transfer</next_element>
</exit_state>
</element_def>
<element_def name="Decision_checkIntent">
<decision>
<class src="com.audium.server.rules.XMLDecision"/>
</decision>
<exit_state name="operationComplete">
<next_element>GetDialogFlowFulfillmentInfo</next_element>
</exit_state>
<exit_state name="failure">
<next_element>Submenu Agent Transfer</next_element>
</exit_state>
<exit_state name="loop">
<next_element>Dialogflow_app</next_element>
</exit_state>
</element_def>
<element_def name="GetDialogFlowFulfillmentInfo">
<action>
<class src="com.audium.server.action.setvalue.SetValueAction">
<static>GetDialogFlowFulfillmentInfo.xml</static>
</class>
</action>
<exit_state name="done">
<next_element>Decision_checkResult</next_element>
</exit_state>
</element_def>
<element_def name="Decision_checkResult">
<decision>
<class src="com.audium.server.rules.XMLDecision"/>
</decision>
<exit_state name="Error">
<next_element>Submenu Agent Transfer</next_element>
</exit_state>
<exit_state name="success"/>
</element_def>
</call_flow>
