<?xml version="1.0" encoding="UTF-8" standalone="no"?>
<!DOCTYPE configuration SYSTEM "../../../../dtds/VoiceElementConfiguration.dtd">
<configuration class="com.audium.server.voiceElement.dialogFlow.MDialogFlow" serial="0000">
<setting name="project_id">acme-chatbot-w9kq</setting>
<setting name="output_as_audio">true</setting>
<setting name="noinput_timeout">5s</setting>
<setting name="max_noinput_count">3</setting>
<setting name="term_char">#</setting>
<setting name="initial_audio">app_begin</setting>
<setting name="max_input">30s</setting>
<setting name="final_silence">2s</setting>
<setting name="secure_logging">false</setting>
<vxml_property name="Dialogflow.queryParams.payload">8002065647</vxml_property>
<local_event>
<name>DialogFlow_Catastrophe</name>
<type>VXML Event</type>
<eventlist>error</eventlist>
</local_event>
</configuration>
